path,label,bpm,mfccs,rms,zcr,chroma_stft,spectral_centroid,spectral_bandwidth,spectral_rolloff,spectral_contrast,mel_spectogram,amplitude
/content/drive/MyDrive/thesis/audio/A111.mp3,3,123.046875,47.31831359863281,0.21231535077095032,0.06967156476176947,0.657312273979187,2344.6071232713157,2435.8416593204456,4406.523388003268,40.95327997114596,41.83070373535156,-23.479286193847656
/content/drive/MyDrive/thesis/audio/A119.mp3,3,123.046875,48.659523010253906,0.13651497662067413,0.056808663347812705,0.6646445989608765,2510.482375184495,3089.7886953358593,4971.090601884955,36.55134833215728,17.871824264526367,-26.677555084228516
/content/drive/MyDrive/thesis/audio/A120.mp3,3,123.046875,53.49059295654297,0.12953904271125793,0.041747031789096195,0.6711786985397339,1636.5561921475937,2045.5318215962466,3117.830496969197,42.354235707722324,15.926523208618164,-27.87598991394043
/content/drive/MyDrive/thesis/audio/A134.mp3,3,151.99908088235293,51.533164978027344,0.25914424657821655,0.03426711561401099,0.7506348490715027,1344.6485055070027,1686.9518707882696,3024.593532842646,41.08547299333593,57.03403854370117,-24.499069213867188
/content/drive/MyDrive/thesis/audio/A137.mp3,3,107.666015625,59.976993560791016,0.09558466821908951,0.0330561310118303,0.7017269134521484,1169.158862143409,1318.4268034479423,2648.4998488357746,34.379122521518,9.554219245910645,-32.0270881652832
/content/drive/MyDrive/thesis/audio/A141.mp3,3,126.04801829268293,46.45512008666992,0.19850283861160278,0.07565296578667766,0.7667388916015625,2629.528860050942,2876.7464066650214,5456.874121788604,39.343561035840025,35.47015380859375,-21.760019302368164
/content/drive/MyDrive/thesis/audio/A145.mp3,3,101.33272058823529,45.394371032714844,0.17096160352230072,0.08185524430767074,0.6655189990997314,3092.9552672018244,3314.329663989468,6486.844684119052,37.50126021284555,25.1502685546875,-21.834575653076172
/content/drive/MyDrive/thesis/audio/A001.mp3,3,109.95678191489361,44.658172607421875,0.11852262169122696,0.09452020128095501,0.6312412023544312,2931.4836052143933,2907.6241726960175,6097.210239618123,42.79042215105111,8.987223625183105,-25.095834732055664
/content/drive/MyDrive/thesis/audio/A002.mp3,3,135.99917763157896,42.84245681762695,0.15876856446266174,0.0786163173256417,0.6909168362617493,2839.4613060146935,2892.5283481555252,6079.013681012696,40.79370365314131,19.97878646850586,-22.825538635253906
/content/drive/MyDrive/thesis/audio/A017.mp3,3,139.6748310810811,48.825496673583984,0.09883759170770645,0.07024050116137992,0.707247257232666,2143.4670120296482,2049.691891525814,4580.979209947644,42.10468330000046,9.720297813415527,-27.007640838623047
/content/drive/MyDrive/thesis/audio/A021.mp3,3,120.18531976744185,48.90134048461914,0.11014813929796219,0.060970381341990204,0.7944433689117432,2496.318696488118,2930.203883437112,5773.497865214004,42.149923367321605,14.720455169677734,-24.54391098022461
/content/drive/MyDrive/thesis/audio/A030.mp3,3,117.45383522727273,49.763614654541016,0.11964952200651169,0.04504840867635018,0.6840035319328308,1888.6754163517662,2232.24235149181,4034.7803084655498,41.27579343163669,12.175682067871094,-27.544422149658203
/content/drive/MyDrive/thesis/audio/A032.mp3,3,126.04801829268293,61.993595123291016,0.05473129451274872,0.03661292638233406,0.6029571294784546,1596.7919637497084,2565.7630202244004,2637.4615169941617,37.09604696161033,2.8570964336395264,-34.26873016357422
/content/drive/MyDrive/thesis/audio/A058.mp3,3,123.046875,51.88518142700195,0.12736773490905762,0.04658740481338014,0.64289391040802,1409.0695791517023,1451.9513227963093,2644.5116895039946,38.854177811042305,12.797344207763672,-29.04086685180664
/content/drive/MyDrive/thesis/audio/A063.mp3,3,123.046875,51.896034240722656,0.2162044495344162,0.04380482612413723,0.7687599062919617,1638.9350856730434,1825.2500849583903,3237.124512422559,32.811741440543784,52.08607864379883,-24.808927536010742
/content/drive/MyDrive/thesis/audio/A066.mp3,3,129.19921875,50.15146255493164,0.1399153172969818,0.039405660352563945,0.6882728934288025,1755.8097035269998,2427.911328651723,3474.0760678839524,43.64759884406379,18.145875930786133,-26.913793563842773
/content/drive/MyDrive/thesis/audio/A067.mp3,3,117.45383522727273,49.53681182861328,0.18678775429725647,0.06502097812147302,0.6974412798881531,2307.0514743198855,2535.546013565565,4660.246551532053,36.193671797084484,25.310321807861328,-24.897737503051758
/content/drive/MyDrive/thesis/audio/A078.mp3,3,117.45383522727273,49.86871337890625,0.11867024004459381,0.03617535890280565,0.673508882522583,1596.4728851796663,2223.358522787395,3210.1979145727078,40.904607415512345,11.711478233337402,-26.400959014892578
/content/drive/MyDrive/thesis/audio/A088.mp3,3,129.19921875,44.00701904296875,0.14407455921173096,0.07502371840896516,0.7783329486846924,3539.154676839332,3840.1067036120794,7894.785954266114,37.084010090849674,17.868797302246094,-21.461156845092773
/content/drive/MyDrive/thesis/audio/A098.mp3,3,123.046875,43.9450798034668,0.19373738765716553,0.03271554805771881,0.717660665512085,1638.5172915053322,2503.00274462899,3413.7355777023004,35.97573258796082,26.191394805908203,-23.202775955200195
/content/drive/MyDrive/thesis/audio/A109.mp3,3,112.34714673913044,47.369144439697266,0.17333738505840302,0.06566870204580817,0.7628114819526672,2835.3260480535437,3393.7888167291476,6128.12004377538,36.084327687554854,33.48331069946289,-22.2646484375
/content/drive/MyDrive/thesis/audio/A165.mp3,3,123.046875,56.327640533447266,0.11367972195148468,0.03449198992691131,0.7471393346786499,1424.5491373989753,2250.016122131476,3106.001799677124,38.85480105603538,9.813667297363281,-30.527366638183594
/content/drive/MyDrive/thesis/audio/A168.mp3,3,117.45383522727273,66.94036865234375,0.03351081907749176,0.06373858577957779,0.7047271728515625,2336.289135149749,2614.099712538709,4824.204092675631,34.79112404189246,0.8190100193023682,-38.55991744995117
/content/drive/MyDrive/thesis/audio/A178.mp3,3,107.666015625,54.36162567138672,0.052122630178928375,0.06427902345539672,0.760045051574707,3058.1152768757756,3362.379700531732,6913.22259986368,37.30086257640326,2.463681221008301,-32.3495979309082
/content/drive/MyDrive/thesis/audio/A179.mp3,3,114.84375,34.985538482666016,0.21018269658088684,0.1281627479656122,0.6183481216430664,4449.551423619341,4124.688222834613,9592.774791488426,37.99030569566686,39.589698791503906,-16.8079776763916
/content/drive/MyDrive/thesis/audio/A186.mp3,3,129.19921875,43.39925765991211,0.12318660318851471,0.08186522061967685,0.5846620798110962,3161.432863042498,3491.154505048064,6402.957792157225,37.29491987174627,11.360579490661621,-22.968708038330078
/content/drive/MyDrive/thesis/audio/A190.mp3,3,112.34714673913044,39.83550262451172,0.2071424126625061,0.0839411704808102,0.6382009387016296,3483.253906014908,3689.3486639977987,6937.540659068392,38.231426948859365,37.93284606933594,-21.077011108398438
/content/drive/MyDrive/thesis/audio/A192.mp3,3,126.04801829268293,42.34382629394531,0.12004289776086807,0.10913534143760323,0.7713924646377563,3382.202154866056,3193.8640399629294,7103.42401085915,36.81794142140408,10.032322883605957,-23.749847412109375
/content/drive/MyDrive/thesis/audio/A198.mp3,3,123.046875,55.02291488647461,0.0802941769361496,0.05538660958479559,0.6765444278717041,1818.76889938792,2027.5534277392292,3749.5812604900793,33.89472917140473,4.346289157867432,-32.149600982666016
/content/drive/MyDrive/thesis/audio/A117.mp3,2,114.84375,47.698673248291016,0.172573521733284,0.07079339004566797,0.7358306646347046,2470.3034231250554,2337.249354170259,5348.6637466548855,44.740023542865394,24.638853073120117,-23.63248062133789
/content/drive/MyDrive/thesis/audio/A126.mp3,2,117.45383522727273,59.46746826171875,0.027051348239183426,0.07971521838643722,0.6510112285614014,2831.7928681257035,2914.0208095387025,5682.0968367414025,42.42973392928083,0.7773066759109497,-36.47578430175781
/content/drive/MyDrive/thesis/audio/A130.mp3,2,143.5546875,48.25989532470703,0.13444875180721283,0.059360071672426164,0.795198917388916,2633.994914910632,3334.932496489124,5720.156476745984,35.4457559416675,14.95677661895752,-24.864919662475586
/content/drive/MyDrive/thesis/audio/A143.mp3,2,109.95678191489361,49.7169075012207,0.1462668925523758,0.06215970884840376,0.5619121193885803,2006.0504523254672,2019.898106418632,4121.077468586129,47.41962991905835,16.762962341308594,-29.090368270874023
/content/drive/MyDrive/thesis/audio/A157.mp3,2,132.51201923076923,43.810791015625,0.115815669298172,0.08247481752962367,0.6329869627952576,2772.5207256952335,2669.8749337936856,5616.723771200546,44.46283101798953,11.08464527130127,-26.640649795532227
/content/drive/MyDrive/thesis/audio/A003.mp3,2,112.34714673913044,53.99913024902344,0.0786346048116684,0.0690809365638019,0.7526816129684448,2444.7059513868335,2489.812066349634,5019.626194884559,43.57740186390207,4.962066650390625,-31.317514419555664
/content/drive/MyDrive/thesis/audio/A004.mp3,2,101.33272058823529,47.7835578918457,0.11506243050098419,0.07449449811198891,0.6766489744186401,2318.966157384033,2302.4606147821814,4646.54688159567,42.894656782406514,7.704816818237305,-28.195058822631836
/content/drive/MyDrive/thesis/audio/A018.mp3,2,120.18531976744185,49.84620666503906,0.20294137299060822,0.028296031127156136,0.6010780930519104,1166.0915726514938,1610.248482709867,2152.949380732244,40.30188736743026,35.91398620605469,-26.51643180847168
/content/drive/MyDrive/thesis/audio/A029.mp3,2,161.4990234375,51.76002883911133,0.1255168616771698,0.03692614591411508,0.7562496662139893,1730.8549805023395,2342.7259044028833,4018.1365340613706,40.0559269133294,11.7167387008667,-27.836864471435547
/content/drive/MyDrive/thesis/audio/A034.mp3,2,114.84375,44.155399322509766,0.22182197868824005,0.0332913438560307,0.7875931262969971,2331.642956902183,3040.954771594845,5207.858629585733,37.47812048317547,54.62147521972656,-20.94150161743164
/content/drive/MyDrive/thesis/audio/A035.mp3,2,107.666015625,54.80672073364258,0.06314687430858612,0.030543235135234555,0.8006628751754761,1869.9569827109517,2636.177990768503,4196.305554222871,35.545532738508186,3.705998182296753,-31.704015731811523
/content/drive/MyDrive/thesis/audio/A038.mp3,2,112.34714673913044,53.185482025146484,0.08920376747846603,0.051124065620345355,0.7433134317398071,1888.909202756352,2017.0320699357944,4151.122202873585,33.63288705963564,6.366003036499023,-29.25623893737793
/content/drive/MyDrive/thesis/audio/A045.mp3,2,151.99908088235293,57.12968063354492,0.05504923313856125,0.0489171517844232,0.7246859073638916,1984.038052572348,2370.20233456499,4083.921916506705,35.9340970813927,2.347931385040283,-34.88395690917969
/content/drive/MyDrive/thesis/audio/A048.mp3,2,93.96306818181819,46.529502868652344,0.1728706806898117,0.06031474940922736,0.7363279461860657,2336.665900184672,2882.901383701442,4652.86503325928,35.89375001610535,22.019832611083984,-24.086374282836914
/content/drive/MyDrive/thesis/audio/A060.mp3,2,129.19921875,51.84933090209961,0.060410209000110626,0.06953560127477382,0.624640703201294,2746.39816323655,3185.6955481188797,5580.129567547619,36.346286566810534,3.429720640182495,-31.593921661376953
/content/drive/MyDrive/thesis/audio/A061.mp3,2,129.19921875,53.41111373901367,0.17632487416267395,0.03124173652702876,0.620137095451355,1342.6966905370352,1664.448287695582,2681.0891179283713,40.96190410297234,28.685638427734375,-29.220518112182617
/content/drive/MyDrive/thesis/audio/A071.mp3,2,95.703125,50.83625030517578,0.1696910858154297,0.060891282655670426,0.7198333740234375,1843.731809320992,1815.036754271713,3706.9086521842564,41.87677967354602,19.95461082458496,-26.774869918823242
/content/drive/MyDrive/thesis/audio/A073.mp3,2,112.34714673913044,42.178382873535156,0.12095911055803299,0.12510988346493784,0.8097270727157593,4538.905128219765,4336.205690444434,9942.784907790927,38.940003055236986,12.238123893737793,-21.74356460571289
/content/drive/MyDrive/thesis/audio/A081.mp3,2,112.34714673913044,55.61104965209961,0.050052396953105927,0.0786445228098743,0.7317245006561279,3100.8378021161125,3392.1521744341135,6707.525221414398,37.71106584791948,2.5435256958007812,-32.3287239074707
/content/drive/MyDrive/thesis/audio/A083.mp3,2,143.5546875,45.82661056518555,0.08188623189926147,0.11020842258366924,0.715051531791687,3084.5428076785533,2568.724101865212,5766.733947388777,37.95054639906164,4.0177106857299805,-28.941579818725586
/content/drive/MyDrive/thesis/audio/A084.mp3,2,161.4990234375,38.99799728393555,0.265185683965683,0.10138697984637979,0.7333600521087646,3408.8411139024574,3309.127815041665,7587.391576771361,42.84497962279594,75.81079864501953,-17.086137771606445
/content/drive/MyDrive/thesis/audio/A085.mp3,2,123.046875,40.07681655883789,0.12134028226137161,0.07042146836558415,0.5464680194854736,3251.8243178750363,3747.2798900114794,7357.87333073716,38.59503922759273,14.284976959228516,-24.294858932495117
/content/drive/MyDrive/thesis/audio/A096.mp3,2,135.99917763157896,34.19981384277344,0.33965176343917847,0.07579167053991877,0.5752133727073669,2775.7423936064324,3007.708832134155,6045.147670189833,38.45448859184198,85.50094604492188,-17.124589920043945
/content/drive/MyDrive/thesis/audio/A097.mp3,2,129.19921875,49.58510971069336,0.12112005054950714,0.05459040860533254,0.7246811985969543,2367.7236267102794,3136.864575633543,5087.5620782846,37.594972924741064,11.68266487121582,-27.783788681030273
/content/drive/MyDrive/thesis/audio/A106.mp3,2,135.99917763157896,50.01913070678711,0.14529795944690704,0.042995455320930596,0.723574161529541,1898.975762843119,2500.1636266963337,3658.6895339761627,35.85454228323164,18.353530883789062,-26.016883850097656
/content/drive/MyDrive/thesis/audio/A171.mp3,2,129.19921875,63.18248748779297,0.06305496394634247,0.03785479812273491,0.6816491484642029,1887.920345192303,2496.7858930626808,3744.0217303496765,35.551053077329065,3.5068325996398926,-36.179656982421875
/content/drive/MyDrive/thesis/audio/A188.mp3,2,132.51201923076923,55.42717742919922,0.13892000913619995,0.04180557962547643,0.583212673664093,1420.7613759493015,1714.6600565360513,2885.01003989985,35.38783068953232,22.020105361938477,-29.149580001831055
/content/drive/MyDrive/thesis/audio/A191.mp3,2,126.04801829268293,40.94110870361328,0.15784797072410583,0.16337655958788835,0.5678366422653198,5042.460560602823,4383.944783706847,10556.712261531538,39.20597298468057,18.532556533813477,-22.511280059814453
/content/drive/MyDrive/thesis/audio/A116.mp3,1,129.19921875,43.33827209472656,0.09052509069442749,0.10392821935227034,0.8106024265289307,3186.9149842509833,3026.0202353196064,6315.2577279251145,35.80991325682213,6.779036998748779,-24.469884872436523
/content/drive/MyDrive/thesis/audio/A127.mp3,1,114.84375,28.80475616455078,0.28131619095802307,0.17041796640924886,0.8061013221740723,5042.945888348439,4002.7349819230226,9726.22375052545,36.81149227348107,47.131500244140625,-5.508764266967773
/content/drive/MyDrive/thesis/audio/A131.mp3,1,92.28515625,36.32229232788086,0.39543741941452026,0.0703266056575894,0.8156677484512329,2999.9072364084127,3134.3964442257216,6313.959325319121,36.353762372682354,186.0506134033203,-15.430182456970215
/content/drive/MyDrive/thesis/audio/A136.mp3,1,103.359375,43.21784973144531,0.24557678401470184,0.10701736589613256,0.8921664357185364,2945.387129169958,2291.81889947265,5505.798909904827,43.21118682997411,49.89995574951172,-16.8852481842041
/content/drive/MyDrive/thesis/audio/A140.mp3,1,107.666015625,33.419918060302734,0.34935787320137024,0.08495283047595692,0.7346624135971069,3166.9114202574033,3447.367655324522,6717.385450402792,35.157042023164834,91.88053131103516,-9.772087097167969
/content/drive/MyDrive/thesis/audio/A142.mp3,1,143.5546875,29.43492317199707,0.33075153827667236,0.09000717418775717,0.7828693389892578,3856.134908178338,4108.239496611541,8670.445555749433,35.497596877162266,92.94496154785156,-7.762219429016113
/content/drive/MyDrive/thesis/audio/A147.mp3,1,129.19921875,33.871917724609375,0.4363773763179779,0.09794652740547614,0.7814679741859436,3288.1943954195294,3278.4035978081015,6856.035215172621,34.268887367695605,120.92124938964844,-7.03073263168335
/content/drive/MyDrive/thesis/audio/A150.mp3,1,114.84375,47.26569747924805,0.04019331932067871,0.1272361928470293,0.7465668320655823,3607.6182550245444,3082.4648166845654,6748.123626198656,35.18664039037845,0.742418110370636,-30.775917053222656
/content/drive/MyDrive/thesis/audio/A151.mp3,1,117.45383522727273,39.271759033203125,0.0984220877289772,0.16128789467978805,0.6769801378250122,4778.520236665365,3695.2659048012433,9023.649120880018,39.66011993478904,7.477053642272949,-22.428964614868164
/content/drive/MyDrive/thesis/audio/A159.mp3,1,120.18531976744185,32.95879364013672,0.34413665533065796,0.12731822392815278,0.7727075815200806,3785.2931593637622,3271.5160518847515,7657.472694566852,36.39988162379342,106.37864685058594,-12.568443298339844
/content/drive/MyDrive/thesis/audio/A010.mp3,1,107.666015625,37.43732452392578,0.32970625162124634,0.10253983183702461,0.8251668214797974,3259.880438380561,2892.5990106441113,6676.632042400921,42.78627358702698,87.31946563720703,-12.026084899902344
/content/drive/MyDrive/thesis/audio/A013.mp3,1,132.51201923076923,39.22651290893555,0.26872116327285767,0.0936415864630116,0.7197808027267456,3244.779590654157,3047.2631181415877,7128.147378115113,42.93412411192381,49.794219970703125,-15.848880767822266
/content/drive/MyDrive/thesis/audio/A020.mp3,1,101.33272058823529,35.45210647583008,0.27800917625427246,0.12147808913579988,0.654485821723938,3585.6961201632766,3067.6673579148583,7445.281258506825,43.60362831080971,45.14339828491211,-13.312684059143066
/content/drive/MyDrive/thesis/audio/A023.mp3,1,132.51201923076923,36.80259323120117,0.3875773549079895,0.1407801137582461,0.8536461591720581,3762.8510990032955,2793.6054942436062,6894.831103493137,42.52815298468134,96.9764404296875,-11.580645561218262
/content/drive/MyDrive/thesis/audio/A025.mp3,1,129.19921875,35.81425094604492,0.337419331073761,0.08007335711606603,0.8523876070976257,3658.2925660932906,3831.246226338385,8158.153197758577,36.99673356555991,127.40758514404297,-14.268383026123047
/content/drive/MyDrive/thesis/audio/A028.mp3,1,126.04801829268293,37.91119384765625,0.3358610272407532,0.12748241650387915,0.8391417264938354,3570.695498768013,2829.332145737297,6860.012272935763,42.22001199352143,79.93940734863281,-11.627273559570312
/content/drive/MyDrive/thesis/audio/A049.mp3,1,129.19921875,39.379058837890625,0.21742266416549683,0.09732481897140612,0.7623684406280518,2920.633249516843,2677.2524198748706,5884.280302733642,40.578362393009755,30.161571502685547,-17.744369506835938
/content/drive/MyDrive/thesis/audio/A051.mp3,1,151.99908088235293,45.04219055175781,0.27236706018447876,0.08457498380265613,0.8392206430435181,2523.6055392203048,2206.2255677668677,5116.239553320019,43.12576597412195,55.39788818359375,-18.882539749145508
/content/drive/MyDrive/thesis/audio/A052.mp3,1,120.18531976744185,42.63019943237305,0.1609409749507904,0.09065487039910203,0.8026063442230225,2708.4457175853436,2526.2050512397914,5366.615341801547,43.319155683571125,18.231718063354492,-22.195995330810547
/content/drive/MyDrive/thesis/audio/A055.mp3,1,120.18531976744185,36.769386291503906,0.20390662550926208,0.15981644972923098,0.7285246849060059,4039.3114833761438,2906.0976973541165,7487.109914929196,44.001133642506694,23.17440414428711,-16.18289566040039
/content/drive/MyDrive/thesis/audio/A062.mp3,1,135.99917763157896,35.78272247314453,0.2450534999370575,0.10271026017524607,0.7693865299224854,3265.597797512437,3027.2953348660412,6458.11510930088,35.777657713239904,33.031883239746094,-14.754779815673828
/content/drive/MyDrive/thesis/audio/A068.mp3,1,120.18531976744185,36.900840759277344,0.3872223496437073,0.11905100718524755,0.8111483454704285,3796.510251470774,3256.134716619182,7868.946359249427,42.41401058624369,111.65631103515625,-9.550753593444824
/content/drive/MyDrive/thesis/audio/A074.mp3,1,109.95678191489361,31.76323890686035,0.27534186840057373,0.10223832918901465,0.8574722409248352,3441.643840891521,3286.8942698756377,6929.319427680237,34.92070668237417,53.40423583984375,-10.311792373657227
/content/drive/MyDrive/thesis/audio/A080.mp3,1,126.04801829268293,37.954917907714844,0.28703445196151733,0.10789907439315924,0.8165482878684998,3472.801306543215,3098.080403136591,7216.341820571547,35.82466598310182,46.83382797241211,-12.92626953125
/content/drive/MyDrive/thesis/audio/A082.mp3,1,129.19921875,35.68927764892578,0.36178046464920044,0.0846393787690705,0.855065643787384,3184.0133570936296,3044.2653939658335,6774.780898389827,40.49818593798829,138.91200256347656,-11.340812683105469
/content/drive/MyDrive/thesis/audio/A087.mp3,1,114.84375,31.240798950195312,0.15728992223739624,0.2079007189109901,0.7903463840484619,5775.435182423706,4309.290537151358,10881.949297591796,37.75445178197026,24.208086013793945,-13.217761993408203
/content/drive/MyDrive/thesis/audio/A090.mp3,1,95.703125,34.549827575683594,0.25490906834602356,0.10832874520349342,0.7859354615211487,3859.9211938362014,3618.7469423801904,7994.658834357329,36.130196724137726,74.54795837402344,-14.598583221435547
/content/drive/MyDrive/thesis/audio/A091.mp3,1,112.34714673913044,31.85577392578125,0.27584603428840637,0.11342565803245688,0.7842733860015869,3681.00107128912,3341.4087164476005,7505.510852791938,35.64813415459846,43.88233184814453,-12.292252540588379
/content/drive/MyDrive/thesis/audio/A103.mp3,1,135.99917763157896,45.71381378173828,0.06956671923398972,0.0934631206633726,0.806661069393158,3700.8479742186623,3667.645823386382,8186.50513957755,36.7053843172728,4.2787628173828125,-24.299957275390625
/content/drive/MyDrive/thesis/audio/A172.mp3,1,143.5546875,41.86323928833008,0.11032000184059143,0.11843040643947421,0.7689352035522461,3465.584633244387,2975.6598004023035,7061.270487426679,36.614919846423604,8.015262603759766,-21.404294967651367
/content/drive/MyDrive/thesis/audio/A174.mp3,1,114.84375,47.471256256103516,0.05103796720504761,0.1169133547054193,0.8160148859024048,4407.976204892687,4083.269660446983,9122.749582082066,36.74694945802999,2.370211362838745,-25.851442337036133
/content/drive/MyDrive/thesis/audio/A176.mp3,1,103.359375,29.436805725097656,0.2565324008464813,0.13719389782587188,0.8697797060012817,4663.7277013969115,4192.35370381254,9842.204732638113,36.30411883054373,61.1440544128418,-9.19608211517334
/content/drive/MyDrive/thesis/audio/A177.mp3,1,120.18531976744185,56.341346740722656,0.20615476369857788,0.06502968357510666,0.8076756000518799,1671.460160085106,1376.4734707313485,3238.5506039745333,34.587468205444665,26.995670318603516,-25.9352970123291
/content/drive/MyDrive/thesis/audio/A182.mp3,1,172.265625,33.74177932739258,0.42047837376594543,0.11360917349116761,0.8388668894767761,3915.5988417302306,3556.1191460409696,7736.148571371394,36.58920853796998,179.81063842773438,-11.535419464111328
/content/drive/MyDrive/thesis/audio/A183.mp3,1,161.4990234375,37.265018463134766,0.1593426764011383,0.1626960825497841,0.8412977457046509,4322.353920712102,3369.948597984139,8515.387826186512,36.726802124286145,17.241104125976562,-15.365141868591309
/content/drive/MyDrive/thesis/audio/A193.mp3,1,109.95678191489361,41.446861267089844,0.1444186270236969,0.09313671288958442,0.714815616607666,3047.7148101513812,3057.176896380717,6360.962440562941,37.86343333753827,17.020984649658203,-22.806184768676758
/content/drive/MyDrive/thesis/audio/A194.mp3,1,117.45383522727273,31.252870559692383,0.3050473928451538,0.12087445969179658,0.8382360339164734,4383.819637106995,4047.7894792268726,9266.450568287928,35.895937947141284,76.3254165649414,-9.025364875793457
/content/drive/MyDrive/thesis/audio/A114.mp3,0,109.95678191489361,38.2215461730957,0.13298888504505157,0.13914791823679043,0.7769577503204346,4623.464808584467,4310.341270593829,10177.901328404623,37.0130500233639,12.981339454650879,-19.86109161376953
/content/drive/MyDrive/thesis/audio/A115.mp3,0,117.45383522727273,50.15948486328125,0.04934479296207428,0.11513776588226465,0.724026083946228,3206.587165289555,2706.485080008669,6355.448780674371,43.48456567658572,1.2744991779327393,-30.73387336730957
/content/drive/MyDrive/thesis/audio/A128.mp3,0,97.50884433962264,37.514617919921875,0.4674909710884094,0.12214523911996594,0.7588663101196289,3580.8970843294633,2883.864274925983,7047.093284246893,42.68717118063957,178.9962615966797,-9.67044448852539
/content/drive/MyDrive/thesis/audio/A132.mp3,0,107.666015625,30.799541473388672,0.2482423186302185,0.11995993835101498,0.7795009613037109,4335.086115199154,4152.166055048743,9530.366534545012,36.48800765242633,38.734073638916016,-10.031424522399902
/content/drive/MyDrive/thesis/audio/A146.mp3,0,126.04801829268293,39.379852294921875,0.31116464734077454,0.1049284560589939,0.6793136596679688,2933.850588201358,2435.8495030139193,5684.209392110962,43.002714775995365,58.17213439941406,-15.509316444396973
/content/drive/MyDrive/thesis/audio/A148.mp3,0,129.19921875,50.07086181640625,0.12805676460266113,0.11410680331535135,0.7146449089050293,2930.6347296684917,2274.0266138151123,5843.940456274228,42.667489866553055,8.979443550109863,-25.81607437133789
/content/drive/MyDrive/thesis/audio/A152.mp3,0,120.18531976744185,36.3037223815918,0.1270221471786499,0.13203607062947015,0.7622901201248169,3823.9672311950376,3253.0385496383146,7449.562399933011,36.791163618882685,10.90424919128418,-17.108564376831055
/content/drive/MyDrive/thesis/audio/A153.mp3,0,132.51201923076923,36.13173294067383,0.311168372631073,0.0948910898330241,0.7338823080062866,2985.155086982012,2838.4927822655513,6384.374869925434,42.135541938772846,68.45489501953125,-12.853730201721191
/content/drive/MyDrive/thesis/audio/A160.mp3,0,129.19921875,41.49885177612305,0.22338798642158508,0.06940992603456496,0.7487041354179382,2501.392399892987,2702.145451965389,5566.234570162016,41.12309872482608,45.683223724365234,-20.530664443969727
/content/drive/MyDrive/thesis/audio/A005.mp3,0,123.046875,42.69891357421875,0.09920495748519897,0.11113047395838632,0.7500143051147461,3478.4463590945875,3017.1589366639487,7168.235192826425,40.82591762962015,9.822968482971191,-23.05641746520996
/content/drive/MyDrive/thesis/audio/A011.mp3,0,135.99917763157896,39.65898132324219,0.21911057829856873,0.07391684829813869,0.6972575187683105,2820.4066620295443,2894.449052274522,6172.9083127188305,42.375436353132386,32.18895721435547,-18.345531463623047
/content/drive/MyDrive/thesis/audio/A014.mp3,0,117.45383522727273,28.89925193786621,0.24484574794769287,0.17222659946970578,0.8335400819778442,5527.150309779636,4725.716177399186,11399.858073145017,36.366594448866636,48.751041412353516,-9.144956588745117
/content/drive/MyDrive/thesis/audio/A019.mp3,0,117.45383522727273,39.184566497802734,0.17878730595111847,0.08370684746755361,0.7542691230773926,3039.5870440324616,2984.902782168886,6502.909427948417,36.87359598184782,23.564916610717773,-18.91162872314453
/content/drive/MyDrive/thesis/audio/A022.mp3,0,120.18531976744185,37.544944763183594,0.31938955187797546,0.08325880060979654,0.7957131266593933,2791.0509986140573,2491.5943998915404,5515.994953565651,40.33353787510201,83.53573608398438,-15.403450012207031
/content/drive/MyDrive/thesis/audio/A024.mp3,0,99.38401442307692,37.86457824707031,0.26447081565856934,0.07156496763074473,0.8373947143554688,2817.5701707644907,2998.5233393367585,6481.08436668078,39.453357536699,59.62505340576172,-15.278219223022461
/content/drive/MyDrive/thesis/audio/A039.mp3,0,101.33272058823529,35.32633590698242,0.22105443477630615,0.12494826982642288,0.701651930809021,3672.2837622188063,3240.9091873513703,7789.860792537436,41.605245149023396,33.16709518432617,-14.58816146850586
/content/drive/MyDrive/thesis/audio/A042.mp3,0,147.65625,45.916717529296875,0.20236505568027496,0.05272809345369374,0.6822552680969238,1690.7880647867264,1807.036386805934,3486.2896173535128,41.2741112809548,26.303823471069336,-22.69352149963379
/content/drive/MyDrive/thesis/audio/A043.mp3,0,92.28515625,43.829132080078125,0.2634137272834778,0.07707904873826409,0.7726398706436157,2534.353016299238,2456.744469853576,5621.055881203183,42.95392637771059,89.13682556152344,-19.965606689453125
/content/drive/MyDrive/thesis/audio/A047.mp3,0,99.38401442307692,37.87383270263672,0.129143625497818,0.14112586098445487,0.7657335996627808,4827.482515065337,4274.311283633889,10267.813169987683,37.651667575189435,12.97924518585205,-19.032575607299805
/content/drive/MyDrive/thesis/audio/A050.mp3,0,107.666015625,38.11888885498047,0.32492363452911377,0.0730598737175765,0.7675799131393433,3016.4063352047824,3190.948208711474,6772.840070921106,37.42819427138811,92.83832550048828,-15.097143173217773
/content/drive/MyDrive/thesis/audio/A064.mp3,0,109.95678191489361,43.454612731933594,0.20778779685497284,0.051915952329112294,0.7502515316009521,2157.8751734639445,2452.199443961818,5236.980016260607,39.98186492286766,39.04402160644531,-20.56953239440918
/content/drive/MyDrive/thesis/audio/A077.mp3,0,126.04801829268293,42.92866897583008,0.3118378221988678,0.10182149602180975,0.7876943349838257,2917.468533762827,2514.5437319106377,6198.376738967776,44.203027742548784,95.46382141113281,-17.470611572265625
/content/drive/MyDrive/thesis/audio/A086.mp3,0,112.34714673913044,41.95503234863281,0.1826367974281311,0.16223288262218274,0.880243182182312,4617.768259512744,3395.173104040197,8361.77992715188,43.56941602572847,26.96316909790039,-18.985637664794922
/content/drive/MyDrive/thesis/audio/A092.mp3,0,156.60511363636363,47.957275390625,0.15426534414291382,0.0779826991996271,0.7442898154258728,2165.71211113989,1904.9939283159233,4168.057236206031,42.261218856619294,15.45054817199707,-25.461383819580078
/content/drive/MyDrive/thesis/audio/A094.mp3,0,112.34714673913044,44.17018127441406,0.11132008582353592,0.11496473668351846,0.806816816329956,3411.920209568031,2970.0043141309884,6862.837236609091,40.40831310710513,15.73150634765625,-23.71149253845215
/content/drive/MyDrive/thesis/audio/A095.mp3,0,161.4990234375,31.82585906982422,0.263479620218277,0.11666976406844089,0.7457108497619629,4746.084745825708,4671.829103686845,10861.057936107496,37.60120998526549,54.14744186401367,-12.029297828674316
/content/drive/MyDrive/thesis/audio/A100.mp3,0,109.95678191489361,45.64805603027344,0.1716540902853012,0.15376007455568247,0.7781285643577576,3526.3449620808597,2482.47243222936,6462.0503953395255,44.14162234922928,16.150466918945312,-21.085037231445312
/content/drive/MyDrive/thesis/audio/A101.mp3,0,139.6748310810811,36.87667465209961,0.16574552655220032,0.06787491995351294,0.6703125238418579,3275.4706522491724,3954.8989204895183,7638.258095825076,36.83978906980312,29.24077033996582,-18.785226821899414
/content/drive/MyDrive/thesis/audio/A102.mp3,0,117.45383522727273,30.29425811767578,0.15406553447246552,0.18967409695654283,0.7373095750808716,5132.652756961171,3993.400909114687,9780.438755644424,38.40672535919387,17.887378692626953,-13.815248489379883
/content/drive/MyDrive/thesis/audio/A104.mp3,0,135.99917763157896,41.084835052490234,0.22816047072410583,0.09502629286654563,0.756277859210968,3065.7483156031385,2984.029899568096,6842.762365472167,42.69119116534319,33.31221008300781,-16.446203231811523
/content/drive/MyDrive/thesis/audio/A105.mp3,0,112.34714673913044,42.55840301513672,0.1629182994365692,0.1625157527797331,0.8192927241325378,4488.500137683439,3388.8388035525404,8598.523119017094,41.059680270139715,35.863975524902344,-20.85615348815918
/content/drive/MyDrive/thesis/audio/A107.mp3,0,114.84375,41.625038146972656,0.135838583111763,0.1403045012139014,0.8160577416419983,4046.816400503889,3307.5411919363078,8065.011909260362,41.06870092774925,13.897669792175293,-21.020158767700195
/content/drive/MyDrive/thesis/audio/A162.mp3,0,90.66611842105263,47.190467834472656,0.04049040004611015,0.1518902759229843,0.732966423034668,4763.7027872273975,4130.897135913063,9715.511900047413,38.27544597283706,1.4509586095809937,-26.26789093017578
/content/drive/MyDrive/thesis/audio/A166.mp3,0,80.74951171875,31.41191291809082,0.3062497675418854,0.12078626473998084,0.7715879082679749,4127.095743057221,3676.3323981474177,8242.781279896499,36.11233502823755,72.42137908935547,-10.791988372802734
/content/drive/MyDrive/thesis/audio/A167.mp3,0,126.04801829268293,34.78932571411133,0.24073083698749542,0.08630909333408773,0.7678553462028503,3341.7013183213985,3208.086008037602,6836.498599936613,36.79503536789803,49.98051452636719,-14.992433547973633
/content/drive/MyDrive/thesis/audio/A187.mp3,0,112.34714673913044,32.260841369628906,0.35869500041007996,0.0871500545805866,0.8354917764663696,3377.731919197235,3652.862050275535,7062.584148610626,35.19531486455439,114.51898193359375,-11.4057035446167
/content/drive/MyDrive/thesis/audio/A196.mp3,0,126.04801829268293,37.05841064453125,0.17465615272521973,0.13921647658455094,0.7982317209243774,3602.1703251923955,2885.237902163273,6490.814273454118,36.01527657881347,16.86549186706543,-16.811386108398438
